,index,precision,recall,f1-score,support
0,10s,0.9047619047619048,0.95,0.9268292682926829,20.0
1,80s,0.9473684210526315,0.9,0.9230769230769231,20.0
